date,year,month,day,users,num_likes,num_likers,num_posters,num_posts,num_posts_with_images,num_images,num_images_with_alt_text,num_first_time_posters,num_follows,num_followers,num_blocks,num_blockers
2023-05-08,2023,5,8,31522.0,303713,14965,13097,96170,12842,15795,1765,1009,133304,12845,10508,1502
2023-05-09,2023,5,9,,343903,15607,13903,104332,13618,16544,1991,1255,186202,13680,9366,1270
2023-05-10,2023,5,10,,323549,15961,14215,103302,14017,16939,2092,1288,129780,13921,9851,1222
2023-05-11,2023,5,11,,308078,15789,13961,100859,13459,16106,1963,1219,100698,13555,11493,857
2023-05-12,2023,5,12,40012.0,327842,16220,14262,108722,14954,17861,2326,1399,115048,14078,9527,1145
2023-05-13,2023,5,13,,333980,15564,13383,106949,14964,18465,2413,1206,99574,13357,9024,1319
2023-05-14,2023,5,14,,304724,14619,12253,91222,13226,16185,1992,786,72891,11117,10307,1690
2023-05-15,2023,5,15,,305288,15297,13263,95398,12378,14932,2051,948,102098,12228,10661,1476
2023-05-16,2023,5,16,,324461,15735,13547,102864,13189,15809,2140,979,88620,12896,6909,1043
2023-05-17,2023,5,17,,354759,15896,13847,107060,13028,15734,2238,919,75122,12895,5697,805
2023-05-18,2023,5,18,,323564,15604,13584,102536,12880,15580,2231,980,71784,12581,6560,818
2023-05-19,2023,5,19,,308428,15163,13162,101084,12894,15624,2110,914,78451,12103,8814,1076
2023-05-20,2023,5,20,,269138,14225,12072,88191,12572,15389,2095,738,64005,10227,4621,619
2023-05-21,2023,5,21,,272245,13997,11599,86754,11328,14115,2002,600,71707,9844,4812,1074
2023-05-22,2023,5,22,,267915,14213,12263,87998,10687,12854,2172,716,56894,10230,7953,1464
2023-05-23,2023,5,23,,257339,14442,12464,88073,11316,13728,2187,773,51196,10365,7676,1179
2023-05-24,2023,5,24,,270058,14736,12722,91126,11365,13727,2275,885,56243,11232,7850,919
2023-05-25,2023,5,25,,268080,14600,12617,92240,11045,13545,2158,1029,54652,11209,7779,773
2023-05-26,2023,5,26,99974.0,280133,14770,12855,97208,12172,14754,2346,1098,60725,11700,8521,857
2023-05-27,2023,5,27,,274402,14567,12176,87421,12269,15124,2326,985,57322,11213,9465,1185
2023-05-28,2023,5,28,,260637,13947,11668,83206,11182,13829,2096,794,51615,10172,8624,1165
2023-05-29,2023,5,29,,253553,13991,11574,78430,10270,12728,2041,743,45638,9821,6292,697
2023-05-30,2023,5,30,,276621,14906,12692,89600,11330,13657,2156,1003,61182,11389,11513,790
2023-05-31,2023,5,31,,312592,15198,13027,94137,11622,13981,2168,930,55031,11450,6882,1180
2023-06-01,2023,6,1,104309.0,278048,15205,12931,87685,11876,14453,2425,847,53680,10891,5486,583
2023-06-02,2023,6,2,,271469,15010,12917,88148,11711,14408,2580,897,56619,11044,5942,468
2023-06-03,2023,6,3,,263540,14365,11785,83829,11597,14314,2330,763,48228,9770,4640,639
2023-06-04,2023,6,4,,263004,14165,11582,80760,11324,14252,2229,670,45063,9602,4298,645
2023-06-05,2023,6,5,,280130,14827,12869,88776,11495,14245,2275,756,54441,10363,28808,675
2023-06-06,2023,6,6,111739.0,279396,14820,12568,86583,11328,13956,2245,786,46830,10349,10645,665
2023-06-07,2023,6,7,,292864,15432,13692,91974,12027,14715,2300,1133,58199,11624,8067,1089
2023-06-08,2023,6,8,,300149,15633,13668,91832,12081,14911,2343,1061,59058,12176,6879,588
2023-06-09,2023,6,9,114463.0,313997,15664,13416,93325,12396,15209,2434,1098,60431,11896,8010,849
2023-06-10,2023,6,10,,280078,14979,12504,84152,11660,14779,2441,1003,52989,10923,8978,428
2023-06-11,2023,6,11,,272873,14732,12310,82847,11768,14882,2323,1039,53252,10608,7862,641
2023-06-12,2023,6,12,120372.0,291819,16284,13752,86744,11466,14327,2473,1295,61259,12336,9493,771
2023-06-13,2023,6,13,,322055,16945,14404,102258,12982,15847,2659,1123,66230,12551,7110,710
2023-06-14,2023,6,14,,338718,17719,15412,105756,13542,16760,2608,1852,99181,15101,12163,583
2023-06-15,2023,6,15,,360404,17767,15555,110425,13951,17301,2583,1499,95026,15155,10419,836
2023-06-16,2023,6,16,,368991,17741,15530,112976,14459,17702,2634,1306,76271,13392,10964,1304
2023-06-17,2023,6,17,,332500,16837,13890,93358,13494,17115,2389,1060,62107,11736,8532,979
2023-06-18,2023,6,18,,331053,16258,13349,90726,12941,16491,2554,787,50202,10515,5361,776
2023-06-19,2023,6,19,,347120,16871,14143,104024,12859,16327,2629,838,53637,11283,5848,843
2023-06-20,2023,6,20,,355103,17070,14620,104759,13410,16291,2742,819,51820,11314,5060,713
2023-06-21,2023,6,21,142843.0,437036,19901,17354,125143,15937,19337,3224,1972,106304,16141,12003,729
2023-06-22,2023,6,22,,696912,27987,24987,200695,25855,32303,4793,6389,347174,31242,34947,3496
2023-06-23,2023,6,23,154085.0,629775,27513,23784,184324,24408,30509,4829,3014,190458,26577,17110,2253
2023-06-24,2023,6,24,,507897,25364,20696,140109,20599,26006,4089,1656,115767,20167,8302,1659
2023-06-25,2023,6,25,,473119,23893,19368,131752,19221,24402,4263,1330,92364,17927,9129,1845
2023-06-26,2023,6,26,,504731,25016,20872,143847,19524,24194,4340,1599,106142,19648,7790,1376
2023-06-27,2023,6,27,,550201,26987,22933,160256,21621,26658,5435,2343,172965,23084,16844,2594
2023-06-28,2023,6,28,,554318,27050,23177,161821,21191,26250,5348,2308,139084,22833,14901,1833
2023-06-29,2023,6,29,,548969,27107,22956,163199,21019,25913,6569,2160,117794,21557,13273,1680
2023-06-30,2023,6,30,,570730,28007,23860,155817,20911,25826,6871,2266,116514,21903,14975,2076
2023-07-01,2023,7,1,195094.0,1054222,59621,55590,322648,43558,53672,10558,14706,749931,66920,35352,3078
2023-07-02,2023,7,2,,1778703,70717,59469,485964,61487,77503,15224,5508,813043,75637,55986,9675
2023-07-03,2023,7,3,,1770548,84877,74071,527272,67789,87341,17574,23831,1333551,103720,65864,7609
2023-07-04,2023,7,4,244492.0,1662415,83522,71198,480542,66383,85549,18525,10622,884279,92330,40898,11923
2023-07-05,2023,7,5,265950.0,1381850,76536,63842,404355,53276,67461,16240,5963,545250,75374,31600,10001
2023-07-06,2023,7,6,,1521826,78632,66514,424446,53572,66403,16670,6413,439755,70688,17625,6349
2023-07-07,2023,7,7,274360.0,1267442,68699,56531,356504,47867,60130,16661,4534,368584,56697,17502,5418
2023-07-08,2023,7,8,,1075697,61167,48763,296708,42137,54088,15098,3122,249633,44783,12326,3456
2023-07-09,2023,7,9,,971297,56987,45094,267389,38351,49189,13967,2244,207748,38517,9971,3108
2023-07-10,2023,7,10,288842.0,986089,57592,46581,279201,36412,45889,13075,2406,190126,39529,8737,3294
2023-07-11,2023,7,11,,967495,55743,45733,274650,36298,48146,14406,2375,183758,37488,13277,7354
2023-07-12,2023,7,12,,994408,56045,45903,288674,36454,45865,13229,2886,199758,39244,15555,5202
2023-07-13,2023,7,13,,969780,54630,43935,267237,31175,39257,9787,3241,190209,39459,30162,6317
2023-07-14,2023,7,14,,925046,52642,41773,259620,31244,38996,9882,3004,184325,38402,17022,4658
2023-07-15,2023,7,15,,838267,50111,38552,238835,30409,39101,9796,2389,149924,32990,16358,4936
2023-07-16,2023,7,16,,800943,48402,37606,246705,30203,39275,10111,2273,144828,31189,15451,4697
2023-07-17,2023,7,17,,835367,50599,39917,253653,31419,39739,11075,2351,161144,33866,8374,3349
2023-07-18,2023,7,18,,840808,49901,39696,262466,31718,39640,11798,2281,143132,31995,7590,2376
2023-07-19,2023,7,19,,911649,49900,40304,279557,32195,39986,12144,2139,131147,31096,10775,3567
2023-07-20,2023,7,20,,849624,48026,38768,253765,31423,39520,11881,1865,111893,28170,10452,3506
2023-07-21,2023,7,21,,825899,47548,38344,239158,30840,38743,11871,2036,118474,27652,9554,3296
2023-07-22,2023,7,22,,751553,45117,35608,214613,29833,38067,11246,2264,138212,27083,10948,3101
2023-07-23,2023,7,23,,853067,51951,41436,238271,33925,43622,12143,3979,201335,38805,10789,3506
2023-07-24,2023,7,24,,1456601,85626,71475,404304,59056,78985,19133,15258,870744,90172,16734,5507
2023-07-25,2023,7,25,,1623638,91580,74423,442079,66142,88988,22122,11742,801760,92447,16086,4432
2023-07-26,2023,7,26,,1500660,86406,69363,411984,58768,77698,20378,6641,507588,74817,19457,8542
2023-07-27,2023,7,27,,1384176,83015,65849,380427,54943,71743,19282,5628,413456,66650,10013,3409
2023-07-28,2023,7,28,,1348581,81552,65469,379886,54499,70890,19024,5298,380169,64223,13769,4153
2023-07-29,2023,7,29,,1272455,79389,61331,347645,52628,69217,18302,4802,336567,59005,12452,3818
2023-07-30,2023,7,30,,1240074,81089,61964,332681,51546,68309,17769,4994,344054,61492,17563,5755
2023-07-31,2023,7,31,434235.0,1343344,86838,68776,366958,53877,69950,18753,5335,380022,68415,14100,5560
2023-08-01,2023,8,1,,1419014,90351,72248,401067,57773,75131,19612,5534,416815,70625,9433,4027
2023-08-02,2023,8,2,,1420440,90013,70900,390440,55799,71975,19369,5070,400142,68543,7998,3514
2023-08-03,2023,8,3,,1387465,91367,72379,396051,56556,73049,19248,7255,442436,73899,11050,3622
2023-08-04,2023,8,4,,1395244,92647,73494,404218,60460,77902,21114,7323,459283,74157,11671,4150
2023-08-05,2023,8,5,,1223352,88405,67324,346913,56366,73970,19715,5848,385172,66088,7667,3106
2023-08-06,2023,8,6,,1220257,87496,66210,339452,54387,71511,19481,5705,520623,65410,12640,3940
2023-08-07,2023,8,7,,1358291,92557,71969,381959,56367,72971,19630,6283,513052,71727,23113,6859
2023-08-08,2023,8,8,,1341527,92514,72032,387765,55926,72532,20195,5286,395343,66805,18043,5026
2023-08-09,2023,8,9,,1392387,92869,71578,401610,55477,70958,19427,4823,344666,64436,12084,4476
2023-08-10,2023,8,10,,1379146,92004,70921,406451,55392,70883,18952,4501,302524,60265,10377,4706
2023-08-11,2023,8,11,,1400580,90526,70240,416014,57529,74068,20501,4410,310978,59783,11175,3711
2023-08-12,2023,8,12,,1239804,87422,65065,361232,54259,70327,19575,4092,327490,57000,9299,4070
2023-08-13,2023,8,13,,1250385,88632,65803,360473,53974,70755,19085,4736,307917,60770,11823,5152
2023-08-14,2023,8,14,,1359316,96048,72614,394879,56665,72995,19555,5914,386080,70311,15597,4890
2023-08-15,2023,8,15,,1505275,100577,75954,428669,61336,79705,21416,5724,425458,72874,9666,3764
2023-08-16,2023,8,16,,1496615,102392,78413,440154,61147,79360,21141,6362,407418,76605,16299,6959
2023-08-17,2023,8,17,,1561151,103652,78936,451240,61835,79796,21526,6481,407560,76337,11164,4313
2023-08-18,2023,8,18,,1718732,118061,92070,469254,68609,87868,23689,11933,701722,107132,18082,7508
2023-08-19,2023,8,19,,1961549,128888,97220,530344,82886,109070,29133,12483,1017980,120501,37645,16863
2023-08-20,2023,8,20,,1829230,123378,91072,498662,76380,101352,27547,8019,627361,100146,21095,8408
2023-08-21,2023,8,21,,1834500,126236,94127,515589,72655,94565,26022,7382,575896,98100,19937,7730
2023-08-22,2023,8,22,,1869629,126853,94922,527377,73852,94652,26377,6679,531300,95565,17074,6479
2023-08-23,2023,8,23,,1905573,127534,96308,530156,75620,96468,26844,6740,494983,93926,17301,5606
2023-08-24,2023,8,24,716291.0,1910328,129314,97678,513892,75950,97642,26813,8626,537223,98325,16028,6548
2023-08-25,2023,8,25,,2055929,130437,98433,535886,81220,103590,29453,8218,515276,97631,18190,7071
2023-08-26,2023,8,26,,1768091,123390,89845,471441,75438,99115,27622,7025,450866,88674,14622,5092
2023-08-27,2023,8,27,,1745433,121685,87129,471651,71526,94531,26141,5860,416712,84428,18996,6189
2023-08-28,2023,8,28,,1844627,127962,94068,508422,72289,94216,26528,6384,428743,89540,19160,6318
2023-08-29,2023,8,29,,1906396,130246,96478,536485,74502,95893,27293,6627,472067,92672,19969,5504
2023-08-30,2023,8,30,,1931500,132796,99808,548329,75561,97253,26770,7811,497411,96260,13976,4937
2023-08-31,2023,8,31,,1864787,132855,100175,530933,73961,95582,26103,7929,512635,96457,55884,6512
2023-09-01,2023,9,1,,1923462,132382,100932,556150,80129,103719,28738,7897,497392,94583,55511,7893
2023-09-02,2023,9,2,,1734123,127289,92248,470718,74517,97686,27022,6119,435275,85933,21870,9105
2023-09-03,2023,9,3,,1771078,127776,90868,451683,72997,97439,26553,6173,432037,88264,137566,6372
2023-09-04,2023,9,4,,1820295,131993,95118,468884,73848,97831,26353,6451,453157,92264,23409,6758
2023-09-05,2023,9,5,,1847155,136473,99250,499040,74360,97246,25848,6563,465184,96207,46506,5018
2023-09-06,2023,9,6,,1823889,137241,100278,510177,75474,98235,26287,6530,445510,95464,136226,4609
2023-09-07,2023,9,7,,1881288,139665,101647,516563,75373,98011,25348,7085,470860,99172,86318,5412
2023-09-08,2023,9,8,,1941484,142113,106395,542223,82245,106632,27999,8787,525069,102967,380614,6084
2023-09-09,2023,9,9,,1810044,135652,97289,492059,78432,103834,26592,7648,484311,94100,177341,4609
2023-09-10,2023,9,10,956444.0,1823773,135895,97042,487776,76954,103346,26354,7226,505490,94400,187886,6500
2023-09-11,2023,9,11,,1921739,141175,102350,511001,76308,99478,26183,6539,472521,95694,280461,9101
2023-09-12,2023,9,12,,1981154,147578,107727,542489,78668,102061,26482,8864,530770,105195,21618,6806
2023-09-13,2023,9,13,,2025689,148921,108886,546791,80335,103960,27156,8429,506659,104703,17078,5115
2023-09-14,2023,9,14,,1999834,146970,107477,542087,80474,104455,27464,6541,444589,97723,15828,4711
2023-09-15,2023,9,15,,2053535,143772,104875,546513,80263,103624,27490,5841,421610,92234,16898,5726
2023-09-16,2023,9,16,,1872355,138797,97070,482899,76428,101129,26026,5199,389665,84977,14665,5422
2023-09-17,2023,9,17,,1849764,137979,95169,473875,72663,96971,24620,5241,385130,85424,16456,7619
2023-09-18,2023,9,18,1072920.0,2056108,157102,112426,543589,81128,106331,25964,8753,588997,117614,55888,6545
2023-09-19,2023,9,19,,2921984,221298,164632,793285,119887,159734,33728,29504,1847393,237230,48429,8496
2023-09-20,2023,9,20,,3007668,221808,160195,800573,120824,158412,36479,20053,1583702,216366,91948,11320
2023-09-21,2023,9,21,,2963108,214867,155294,796926,117170,152558,35819,14738,1195070,188359,54645,12774
2023-09-22,2023,9,22,,2894243,208602,151337,782956,118484,152909,36588,12643,1015885,169757,40591,11107
2023-09-23,2023,9,23,,2565890,193945,135274,681759,111109,144891,35173,9169,797790,144555,29757,7847
2023-09-24,2023,9,24,,2542326,191219,132129,657806,107364,142471,33525,8184,761438,140050,80688,12157
2023-09-25,2023,9,25,,2607348,197112,139556,676791,102757,133749,32203,8250,712015,141403,83872,10910
2023-09-26,2023,9,26,,2622522,196141,138575,692030,102448,132850,31533,7699,674351,137781,102073,9658
2023-09-27,2023,9,27,,2629165,195236,137287,690887,103113,132254,33085,7220,677057,134464,92794,9589
2023-09-28,2023,9,28,1265530.0,2576048,194183,136822,681540,100591,128903,31428,7123,624807,131328,68472,8338
2023-09-29,2023,9,29,,2799509,208143,146916,716406,111804,144072,36020,10725,917008,158320,71780,7559
2023-09-30,2023,9,30,,2570706,197037,134501,654035,106985,140634,35244,9067,841070,141742,59216,8026
2023-10-01,2023,10,1,,2731502,201770,140465,683325,115074,152013,38363,9855,1005595,145668,66498,9736
2023-10-02,2023,10,2,,2972022,216821,152119,751415,118391,153181,37641,11130,1207274,163295,80675,11161
2023-10-03,2023,10,3,,3124996,221310,155412,784200,120385,154754,39681,10901,1268162,165571,102028,13374
2023-10-04,2023,10,4,,3056360,220079,155712,780374,117912,149520,37144,9802,1125075,160460,108752,22583
2023-10-05,2023,10,5,,3031604,220818,154435,766986,114946,146631,36458,9214,1004110,160050,82456,14172
2023-10-06,2023,10,6,,3096277,225786,158604,795889,122498,157776,38978,9575,982600,167767,58306,12723
2023-10-07,2023,10,7,,2862036,215512,144675,708994,114995,150044,37153,8378,859479,155641,49069,11062
2023-10-08,2023,10,8,,2864794,213877,141573,685301,110527,146894,36674,7656,832469,148348,45373,11509
2023-10-09,2023,10,9,,2925514,220323,148724,720950,109349,142239,35578,8054,809553,153736,61492,11147
2023-10-10,2023,10,10,,2967682,227108,154992,763402,114754,151785,37937,9565,934290,168402,84596,10574
2023-10-11,2023,10,11,,3059263,232685,159754,796316,115591,149071,37270,10051,1012130,173367,86499,12874
2023-10-12,2023,10,12,,3174964,237821,162643,806573,120890,155690,37436,10904,1050569,182400,78314,10394
2023-10-13,2023,10,13,,3448566,250161,171859,842458,137457,179612,41925,12052,1160844,195867,47779,11123
2023-10-14,2023,10,14,,3078167,231184,152817,747136,126863,167144,39538,8830,906766,166037,59002,11139
2023-10-15,2023,10,15,,2958912,226654,147159,707826,117610,156667,37799,7767,839762,158634,51991,12033
2023-10-16,2023,10,16,,2998642,232285,155376,748952,115337,149613,35915,7869,806741,159666,52604,10823
2023-10-17,2023,10,17,,2974926,229552,155265,750538,113920,145835,35539,7324,714695,149554,44538,10624
2023-10-18,2023,10,18,,3454845,269090,183816,861016,136089,176780,38846,16974,1305190,229795,54814,12539
2023-10-19,2023,10,19,,3411601,271756,183192,875595,136011,177236,39700,15618,1226694,225700,63726,12659
2023-10-20,2023,10,20,,3511191,263599,180833,909738,143977,185885,41810,11960,1004616,200512,203897,16077
2023-10-21,2023,10,21,,3132898,245520,162445,792065,134037,176380,40087,9357,844093,171072,89432,10904
2023-10-22,2023,10,22,,3078312,241623,156644,751337,126160,167856,39969,8151,813151,162745,64805,10076
2023-10-23,2023,10,23,,3132970,248439,166159,783028,123253,160784,38098,8575,824177,167946,52414,10190
2023-10-24,2023,10,24,,3175876,248299,168537,822114,128707,163507,37492,8654,805235,165149,52085,9667
2023-10-25,2023,10,25,,3157827,245043,167329,820300,122949,157914,37721,7842,756016,157054,41621,10196
2023-10-26,2023,10,26,,3075405,242605,164127,791765,119583,153828,36464,7132,680016,150412,49507,13621
2023-10-27,2023,10,27,,3161107,240418,164369,828011,127799,163893,38932,6818,670161,146491,42552,9920
2023-10-28,2023,10,28,,2879159,227365,149429,720732,121005,158175,37989,6272,609512,133996,95774,11786
2023-10-29,2023,10,29,,2907325,231877,152605,719769,122523,162144,38078,7522,658052,141336,91632,10708
2023-10-30,2023,10,30,,2972959,240221,160170,757572,119277,154686,36172,7549,687289,150989,46174,10809
2023-10-31,2023,10,31,1805359.0,3079934,242167,171093,793214,141468,184116,44938,6969,626650,139908,41491,9184
2023-11-01,2023,11,1,,3040123,239087,162689,768742,122638,158634,38266,6662,663976,138293,37505,10655
2023-11-02,2023,11,2,,2888399,233737,156856,751279,112158,143106,33927,6646,616115,138962,39143,9716
2023-11-03,2023,11,3,,2900328,229846,155766,757100,116496,149875,34832,6454,626288,133091,40228,10304
2023-11-04,2023,11,4,,2720071,219692,143387,693807,112033,146780,34113,5816,611307,122277,62109,12882
2023-11-05,2023,11,5,,2758383,220446,143559,687171,111190,146383,33953,5990,643385,123344,54805,15549
2023-11-06,2023,11,6,,2849119,228962,152742,724473,106537,138027,32118,6535,684281,129815,49664,14916
2023-11-07,2023,11,7,,2836270,229745,155531,741555,109906,140369,33256,6532,643175,130084,37783,12657
2023-11-08,2023,11,8,,2943853,225811,153571,740970,110667,141914,33185,5967,632960,122943,30976,12965
2023-11-09,2023,11,9,,2822340,225927,154566,740420,110771,142699,33935,7833,554115,126973,27982,9808
2023-11-10,2023,11,10,,2789960,222716,155596,763316,117148,152207,34083,9198,576870,125376,19739,8828
2023-11-11,2023,11,11,,2608679,211036,142340,682422,112377,148360,33425,142340,535535,115975,30775,9920
2023-11-12,2023,11,12,,2629534,211961,140978,666499,109098,144705,32917,140978,534866,118279,33128,10785
2023-11-13,2023,11,13,1998271.0,2746333,219133,150408,722793,107668,139274,32708,150408,521223,122076,27930,8973
2023-11-14,2023,11,14,2014627.0,2749703,217215,149161,727057,106271,136062,31537,149161,473285,113302,24719,8274
2023-11-15,2023,11,15,,2735739,215051,149647,720111,106302,135005,32252,149647,453257,110110,38870,12265
2023-11-16,2023,11,16,,2686253,213137,146513,702984,103891,132708,31178,146513,537663,113454,41039,12076
2023-11-17,2023,11,17,,2690532,212077,146665,716586,108897,139900,32989,146665,483964,107041,24201,9614
2023-11-18,2023,11,18,,2659920,209226,139461,665301,106350,138681,32334,139461,567915,119292,19325,8995
2023-11-19,2023,11,19,,2612434,208848,136540,645832,103706,136278,32197,136540,589153,119109,22207,8867
2023-11-20,2023,11,20,,2673002,215738,146268,679925,102488,131294,30908,146268,566593,121392,21841,8393
2023-11-21,2023,11,21,,2747269,216587,147514,711067,104216,132688,31228,147514,584377,123070,31995,13730
2023-11-22,2023,11,22,,2675552,212376,145288,709282,104583,132672,32196,145288,583550,112037,56649,16671
2023-11-23,2023,11,23,,2534828,206277,142281,683361,106280,135955,32537,142281,443437,100260,19648,9118
2023-11-24,2023,11,24,,2456535,198758,135706,654796,101200,130716,30984,135706,448169,96888,16004,8010
2023-11-25,2023,11,25,,2478459,194771,128976,618491,101329,132526,31249,128976,437863,96273,20260,8815
2023-11-26,2023,11,26,,2459423,195771,128617,611157,96406,126745,29900,128617,447796,97471,21044,8794
2023-11-27,2023,11,27,,2556946,202363,137053,660928,96661,124030,29878,137053,450627,102292,26486,10926
2023-11-28,2023,11,28,,2615217,207020,141059,677409,100471,128583,31048,141059,538124,113012,19956,8663
2023-11-29,2023,11,29,,2618081,206229,146013,711298,113429,148206,35812,146013,541366,109518,19959,8589
2023-11-30,2023,11,30,2270550.0,3149583,217211,150103,721535,111272,141247,34394,150103,506414,106951,20437,9012
2023-12-01,2023,12,1,,2661145,207168,145583,701381,110130,140645,34026,145583,547155,113539,17877,7778
2023-12-02,2023,12,2,,2439337,197601,131559,615975,106026,138551,33059,131559,494276,102920,13137,6454
2023-12-03,2023,12,3,,2393432,196303,130558,611861,103060,135473,32425,130558,498661,103184,19799,8511
2023-12-04,2023,12,4,,2456257,202938,136899,639634,98409,126038,29961,136899,484407,106901,17974,7459
2023-12-05,2023,12,5,,2540279,200560,136645,655572,96641,123715,29215,136645,382748,94647,20277,7410
2023-12-06,2023,12,6,,2545007,201642,138285,663280,99741,127030,30329,138285,486178,99760,26668,10283
2023-12-07,2023,12,7,,2533284,200141,135841,653288,97026,124320,29568,135841,486822,98914,24319,9398
2023-12-08,2023,12,8,,2525612,196232,135471,663049,100388,127891,31612,135471,439900,96582,22044,8132
2023-12-09,2023,12,9,,2385435,188666,124446,593027,95199,124263,28711,124446,401809,91459,30010,7038
2023-12-10,2023,12,10,,2350111,187701,121953,572777,93096,122834,28453,121953,369150,87462,29542,8190
2023-12-11,2023,12,11,,2447402,194030,130536,626327,93688,120748,28398,130536,361112,91310,31724,7758
2023-12-12,2023,12,12,,2459869,194579,131321,638371,93127,119201,28566,131321,319389,86181,30295,6856
2023-12-13,2023,12,13,,2460299,194607,133594,641838,94570,120980,29317,133594,385833,91510,24770,6332
2023-12-14,2023,12,14,,2400397,192175,131199,638175,92673,117390,28516,131199,312254,84316,30211,6940
2023-12-15,2023,12,15,,2405014,188115,130321,641981,94796,120871,30296,130321,328619,82986,26341,5696
2023-12-16,2023,12,16,,2239383,179969,119202,562340,91460,118187,28905,119202,328558,79612,27004,5717
2023-12-17,2023,12,17,,2269900,179806,117515,561230,90351,118547,28267,117515,352870,82493,33237,8360
2023-12-18,2023,12,18,,2376822,186696,126406,609997,90658,115995,28244,126406,359851,86103,28416,8292
2023-12-19,2023,12,19,,2523269,201778,147031,722930,102243,134989,28815,147031,446487,107835,34490,8877
2023-12-20,2023,12,20,,2554037,203900,147666,722460,103195,134835,30398,147666,382577,101796,59976,7454
2023-12-21,2023,12,21,,2816491,231236,177663,839586,117552,155720,32187,177663,535310,131354,42698,8130
2023-12-22,2023,12,22,,2562072,206520,146329,698218,105788,136921,31270,146329,378102,97165,28662,7193
2023-12-23,2023,12,23,,2623137,230083,154059,678561,111095,145112,31911,154059,436801,109577,33282,7810
2023-12-24,2023,12,24,,2681616,230623,157269,675637,123157,158915,35113,157269,371515,97849,27668,7191
2023-12-25,2023,12,25,,2511086,216879,144249,600569,111432,143955,32773,144249,299859,81108,25240,6123
2023-12-26,2023,12,26,,2356918,203863,130785,581001,92642,121515,27188,130785,366931,88003,33019,10395
2023-12-27,2023,12,27,2797679.0,2404089,200038,133232,623029,93131,121150,27381,133232,348065,87005,28144,8881
2023-12-28,2023,12,28,,2433088,197245,131904,631998,94549,122889,28255,131904,328529,85956,22244,7287
2023-12-29,2023,12,29,,2524549,198208,134599,650645,100924,132452,30354,134599,361446,88663,23713,6835
2023-12-30,2023,12,30,,2463402,194843,131130,629118,99867,132614,30324,131130,361513,91168,47171,7502
2023-12-31,2023,12,31,,2634714,204374,151033,707064,123621,162170,36286,151033,358390,89754,24071,6869
2024-01-01,2024,1,1,,2594758,215090,154552,658910,114844,149118,35296,154552,361161,91511,20962,6573
2024-01-02,2024,1,2,2897168.0,2463066,202243,136137,620328,96225,125269,29533,136137,388692,94120,29522,9969
2024-01-03,2024,1,3,,2453177,196445,134743,637371,96417,125357,29333,134743,332543,89528,24493,7589
2024-01-04,2024,1,4,,2429489,194638,134342,639843,94642,122583,29015,134342,314905,84206,21281,7854
2024-01-05,2024,1,5,,2515090,192501,134180,660287,98537,126779,30545,134180,295715,79759,22322,7732
2024-01-06,2024,1,6,,2348938,183926,124718,599866,96526,126655,29938,124718,260189,71709,24287,7307
2024-01-07,2024,1,7,,2351317,184838,125748,591574,95853,126484,29580,125748,289608,77535,23466,7451
2024-01-08,2024,1,8,,2506848,194809,140819,657770,101192,131007,30317,140819,321031,91404,33033,7825
2024-01-09,2024,1,9,,2486521,198292,143413,679543,101338,134421,30917,143413,341310,96435,26771,7891
2024-01-10,2024,1,10,,2513836,198505,143558,691781,103668,133146,30178,143558,310044,89166,25735,6312
2024-01-11,2024,1,11,,2478700,193035,138424,691491,119754,147063,29162,138424,259055,79776,31384,7059
2024-01-12,2024,1,12,,2476426,189544,136775,695525,120600,147725,29879,136775,258392,75306,35669,6770
2024-01-13,2024,1,13,,2284341,180386,125270,620955,119527,148407,28732,125270,239451,68338,33422,5817
2024-01-14,2024,1,14,,2297515,179260,123101,607089,119925,150395,29180,123101,244062,66307,29255,7639
2024-01-15,2024,1,15,,2375489,182616,128693,632539,112929,140583,28996,128693,225888,65034,17271,7025
2024-01-16,2024,1,16,,2381245,181204,129433,646386,106055,133190,29287,129433,206221,63075,16935,7107
2024-01-17,2024,1,17,,2352084,181375,129508,627352,94526,121050,29439,129508,204365,63051,31179,7345
2024-01-18,2024,1,18,,2336694,180310,128673,646406,94045,120915,29618,128673,212968,64033,19259,7336
2024-01-19,2024,1,19,,2449053,179033,129104,667315,97444,124944,30395,129104,200944,61648,31330,6644
2024-01-20,2024,1,20,,2317080,172210,119408,594647,94521,124666,30160,119408,181631,57728,26641,5583
2024-01-21,2024,1,21,,2369656,174910,119611,588523,94233,124525,29923,119611,191787,59542,28794,6055
2024-01-22,2024,1,22,,2356121,178813,125177,602769,89464,115029,27351,125177,194827,63063,27918,6011
2024-01-23,2024,1,23,,2342359,177469,125177,613419,89668,114366,27775,125177,191631,60028,29477,7017
2024-01-24,2024,1,24,,2362287,174622,124727,625967,89316,113248,27859,124727,171237,56457,19644,5964
2024-01-25,2024,1,25,,2331227,172096,122697,615483,87936,111751,27132,122697,172210,54567,25638,6097
2024-01-26,2024,1,26,,2406110,170492,122575,633000,93157,118008,28843,122575,169194,52910,27499,7166
2024-01-27,2024,1,27,,2230988,163546,112326,548112,90470,117817,28655,112326,141704,49108,23620,6004
2024-01-28,2024,1,28,,2186564,163039,111752,553730,89254,117245,27969,111752,158932,49315,34418,7973
2024-01-29,2024,1,29,,2230836,166779,119027,592342,87741,112453,26915,119027,153430,51158,39169,8062
2024-01-30,2024,1,30,,2251550,168318,121702,608024,90065,114716,27809,121702,167168,54466,31569,6297
2024-01-31,2024,1,31,,2290029,170694,126985,636185,95577,123445,33645,126985,198040,61716,22078,7109
2024-02-01,2024,2,1,,2268188,171470,129799,632656,95775,122464,29558,129799,200226,64229,26537,6701
2024-02-02,2024,2,2,,2291073,171058,129503,634762,97592,125312,29052,129503,189298,62070,25712,6074
2024-02-03,2024,2,3,,2222233,167539,120455,582194,96666,126921,28907,120455,205576,61925,15061,6326
2024-02-04,2024,2,4,,2185352,166758,119217,575429,93569,123697,27657,119217,218876,61823,17117,6913
2024-02-05,2024,2,5,,2278275,173156,127127,629147,92478,118881,26757,127127,190240,62400,32482,6378
2024-02-06,2024,2,6,3221752.0,3150313,252619,182781,804577,130744,177816,36143,182781,1117209,200115,55184,11451
2024-02-07,2024,2,7,3867550.0,6611103,634561,558428,2049813,410695,608968,61373,558428,6495469,854291,109917,27849
2024-02-08,2024,2,8,,6374422,628534,479427,1859094,352412,504506,56417,479427,4110857,723588,126427,31394
2024-02-09,2024,2,9,,5524883,535500,393983,1595009,288694,402063,52573,393983,2399329,489626,112668,25615
2024-02-10,2024,2,10,4085590.0,4857826,482972,350476,1375591,274679,384151,49517,350476,1843465,387167,124240,26575
2024-02-11,2024,2,11,,4620812,449222,326023,1316554,256033,360901,48144,326023,1632035,332793,127824,25115
2024-02-12,2024,2,12,,4741607,441182,320770,1308494,244172,337919,46762,320770,1487371,283658,102617,23173
2024-02-13,2024,2,13,,4283111,409121,300756,1226565,214538,289230,43073,300756,1209851,247243,62749,19365
2024-02-14,2024,2,14,,4298526,395274,300894,1217121,232979,312736,48518,300894,979516,198213,63060,17948
2024-02-15,2024,2,15,,3989636,367113,273284,1128425,191416,256438,41137,273284,730302,173295,59337,15293
2024-02-16,2024,2,16,,3950165,350909,261352,1108856,189374,253834,41813,261352,651110,153672,56192,15347
2024-02-17,2024,2,17,4885780.0,3738837,338019,247835,1027043,196501,271194,42416,247835,639691,146297,63642,15052
2024-02-18,2024,2,18,4885780.0,3735706,335551,245371,1014527,195845,271668,42275,245371,644227,142196,67748,16439
2024-02-19,2024,2,19,5012944.0,3667465,328585,241871,1020643,173930,234045,39878,241871,599754,136848,60848,14606
2024-02-20,2024,2,20,,3768997,334065,247721,1068352,175181,234781,40280,247721,656750,146584,59935,15369
2024-02-21,2024,2,21,,3819317,336574,252037,1082485,182565,245873,40490,252037,687548,153955,57955,15773
2024-02-22,2024,2,22,,3734757,322838,244743,1066481,184992,250362,42972,244743,521935,128036,53202,14479
2024-02-23,2024,2,23,,3702407,313401,237092,1045015,186001,252376,42579,237092,508282,122263,49340,13229
2024-02-24,2024,2,24,,3448950,295992,223526,965577,182659,253481,41869,223526,452396,110830,47817,12636
2024-02-25,2024,2,25,,3472984,297682,223872,957806,176520,246148,40243,223872,539187,116803,60687,15703
2024-02-26,2024,2,26,,3525379,298069,225662,986693,162956,219760,39045,225662,516387,110054,53994,15334
2024-02-27,2024,2,27,,3552983,296965,226788,1009630,163028,218536,38649,226788,474287,107568,49072,14057
2024-02-28,2024,2,28,,3573824,293214,224862,1005629,163036,216763,39715,224862,421568,106531,49121,13180
2024-02-29,2024,2,29,,3534207,294176,231405,1045106,170611,229108,41112,231405,393362,104940,47148,12970
2024-03-01,2024,3,1,,3539306,285523,223524,1026299,171861,229147,42966,223524,372767,96586,52963,14423
2024-03-02,2024,3,2,,3345014,277117,209797,943943,171657,234856,40598,209797,355773,90873,48917,13063
2024-03-03,2024,3,3,,3339241,277255,210328,934311,174902,241315,41820,210328,407206,91437,51203,14047
2024-03-04,2024,3,4,,3351673,274727,208878,940381,154346,206568,37794,208878,369655,88224,57377,14981
2024-03-05,2024,3,5,,3374249,277950,212990,957983,153074,203762,38073,212990,375714,89652,55690,14331
2024-03-06,2024,3,6,,3346775,270928,208235,948780,152120,201589,37617,208235,364810,86511,48883,14350
2024-03-07,2024,3,7,,3333217,272196,208270,940914,153033,202658,37995,208270,377413,87288,47866,13773
2024-03-08,2024,3,8,,3340992,266181,208905,917191,156512,207437,39699,208905,314588,76701,46689,13926
2024-03-09,2024,3,9,,3169981,266368,199460,876084,162688,222474,38521,199460,360722,85421,47071,14527
2024-03-10,2024,3,10,,3182942,264979,199593,875292,162158,223312,37963,199593,379483,84754,47448,14562
2024-03-11,2024,3,11,,3256781,263211,199935,894001,147124,196111,35456,199935,329815,79374,43817,13016
2024-03-12,2024,3,12,,3217760,260025,197710,890291,144132,190508,35409,197710,294151,79713,37523,10450
2024-03-13,2024,3,13,,3218615,257358,198617,899019,146905,194771,36388,198617,281096,77093,41245,11818
2024-03-14,2024,3,14,,3268410,260972,202646,935060,152744,203486,38151,202646,280353,80009,41460,11624
2024-03-15,2024,3,15,,3211213,252164,195455,906268,151403,201145,38371,195455,245028,71246,37193,10412
2024-03-16,2024,3,16,,3034131,243458,185657,839608,154549,211736,38201,185657,249358,67806,39707,10353
2024-03-17,2024,3,17,,3050180,244783,187268,842010,156702,216314,39339,187268,254798,69434,43573,13196
2024-03-18,2024,3,18,,3114097,245757,187521,852332,139022,185358,35668,187521,242341,68840,36779,9667
2024-03-19,2024,3,19,,3120740,250435,187297,869969,139215,185746,35706,187297,257481,68826,37109,10190
2024-03-20,2024,3,20,,3227823,254271,194160,896966,152136,204308,38208,194160,283266,72617,37143,11402
2024-03-21,2024,3,21,,3114582,246132,186797,878914,138890,183401,36684,186797,237820,67273,34593,9621
2024-03-22,2024,3,22,,3088061,242721,185603,880233,141156,187483,38445,185603,213515,62522,34305,9085
2024-03-23,2024,3,23,,2906353,236129,176562,810716,145055,197857,37621,176562,225100,63359,33532,9199
2024-03-24,2024,3,24,,2914278,234652,176315,797910,145328,199388,36999,176315,232842,63243,35008,9361
2024-03-25,2024,3,25,,3005367,236477,179959,828688,135186,180038,35731,179959,224650,62532,60687,9215
2024-03-26,2024,3,26,,3037541,237063,180256,843292,134211,177077,35510,180256,219549,62329,62688,9449
2024-03-27,2024,3,27,,3084035,238968,181639,864696,138786,184146,37410,181639,211725,62115,63262,8457
2024-03-28,2024,3,28,,3048886,236448,181444,860870,135960,179685,36854,181444,209229,61555,59594,8146
2024-03-29,2024,3,29,,2990571,233270,179347,851414,140882,187280,38308,179347,202049,59555,63026,8997
2024-03-30,2024,3,30,,2831701,222780,171266,797050,145610,200800,38952,171266,189162,55994,65572,9109
2024-03-31,2024,3,31,5510038.0,2949018,228002,179117,808015,156123,216131,42330,179117,209285,59152,59029,8136
2024-04-01,2024,4,1,,2919105,227354,175695,792562,136093,184621,36914,175695,192663,57049,59804,7919
2024-04-02,2024,4,2,,2905346,230199,173541,804711,129946,174336,34961,173541,194227,60234,63113,8707
2024-04-03,2024,4,3,,2922705,228305,173954,832223,128514,170044,35363,173954,188685,58567,64930,7838
2024-04-04,2024,4,4,,2930070,224291,173455,830936,131040,173375,35748,173455,171566,55803,51419,7886
2024-04-05,2024,4,5,,2952519,223299,174207,845055,134621,179532,37400,174207,185212,55400,46691,7562
2024-04-06,2024,4,6,,2763168,218688,167608,779039,144395,201711,39243,167608,180509,53750,49591,7232
2024-04-07,2024,4,7,,3462209,250165,198374,974885,167806,235260,39316,198374,1275163,96981,51046,8756
2024-04-08,2024,4,8,,3816367,264510,208037,1060222,166646,223947,42921,208037,1217161,104906,56404,10031
2024-04-09,2024,4,9,,3231354,243143,185064,907499,140851,191156,38528,185064,720493,79156,54543,8925
2024-04-10,2024,4,10,,3301292,243834,185742,914088,144546,192204,36825,185742,894070,86450,45948,8990
2024-04-11,2024,4,11,,3290628,241418,182653,904262,141497,186465,36443,182653,897502,86322,36752,8566
2024-04-12,2024,4,12,,3339249,239761,183619,912743,143334,188515,37228,183619,977239,89439,26319,9114
2024-04-13,2024,4,13,,3196342,233515,175339,844626,152374,206818,37740,175339,944707,85479,29983,9518
2024-04-14,2024,4,14,,3218357,235953,175614,837598,151547,208207,36971,175614,968275,82861,30649,9598
2024-04-15,2024,4,15,,3272305,237212,177793,856474,137536,182271,35747,177793,924949,78436,23772,8460
2024-04-16,2024,4,16,,3330650,239503,182920,885710,140327,186939,36213,182920,744600,84503,25012,9634
2024-04-17,2024,4,17,,3230528,234614,179265,877070,137983,183443,36155,179265,532499,75260,21168,8570
2024-04-18,2024,4,18,,3118228,226050,173002,849368,134198,176931,36513,173002,421369,66149,19621,7842
2024-04-19,2024,4,19,,3096852,221574,171353,863892,135250,177892,36803,171353,396954,63490,21531,8330
2024-04-20,2024,4,20,,2930225,215635,163207,781883,139777,189736,38137,163207,393967,59612,24198,8611
2024-04-21,2024,4,21,,2935044,216308,162501,779968,138040,189076,36087,162501,409697,60646,27631,9326
2024-04-22,2024,4,22,,2983450,217708,165514,796870,128203,169661,35081,165514,365194,58930,22249,8715
2024-04-23,2024,4,23,,2998957,218162,167229,816546,128724,169803,35189,167229,335161,60447,21642,8670
2024-04-24,2024,4,24,,3060033,216377,166835,828818,127692,168202,35542,166835,343260,59072,22908,8692
2024-04-25,2024,4,25,,3131606,216109,166635,833547,128440,168530,35206,166635,305452,56737,20780,8261
2024-04-26,2024,4,26,,3052766,213938,167904,846381,132092,173727,36596,167904,316619,58356,23830,8790
2024-04-27,2024,4,27,,2837291,208688,159070,763186,134019,182794,36653,159070,304616,55044,22624,7668
2024-04-28,2024,4,28,,2803193,211119,159360,756846,134378,187420,36375,159360,290601,56441,21866,8885
2024-04-29,2024,4,29,,3026030,224606,179188,845678,137511,188750,36641,179188,292220,62537,29510,9942
2024-04-30,2024,4,30,,3009371,211632,165659,833952,131109,176917,35622,165659,304839,57196,29564,9135
2024-05-01,2024,5,1,,3260144,211505,164494,840034,132448,177496,36976,164494,293794,56591,37816,10576
2024-05-02,2024,5,2,,3082380,208000,161333,824070,128828,172687,35678,161333,255559,54370,35701,10568
2024-05-03,2024,5,3,,3022631,206152,161997,823789,138402,188737,37652,161997,217127,53214,24650,8011
2024-05-04,2024,5,4,,2848630,199507,154362,753391,137306,190397,37304,154362,221740,50284,27627,8410
2024-05-05,2024,5,5,,2845179,199527,152348,739266,132775,185060,35355,152348,215223,50928,25532,8563
2024-05-06,2024,5,6,,2971572,207422,160547,790082,128542,174939,35045,160547,206085,53691,24079,8826
2024-05-07,2024,5,7,,2870841,204643,157860,799040,119172,157679,33261,157860,207635,51070,25199,8936
2024-05-08,2024,5,8,,2942122,204698,160544,820075,121219,159151,34427,160544,219210,51610,23109,8558
2024-05-09,2024,5,9,,2908616,206410,161743,810689,123399,162684,34341,161743,212012,52708,23079,8410
2024-05-10,2024,5,10,,2964263,207095,163170,824494,130341,173763,36799,163170,220945,53565,28884,9489
2024-05-11,2024,5,11,,2883300,200550,156682,794297,136520,190126,40578,156682,195099,47577,23142,7875
2024-05-12,2024,5,12,,2762275,199504,152102,728543,127560,176713,35278,152102,208853,48893,27129,8942
2024-05-13,2024,5,13,,2848253,199787,154316,765706,117319,155859,33101,154316,226969,50081,26403,9493
2024-05-14,2024,5,14,,2856829,197370,156227,793210,121223,160166,33894,156227,185257,48905,26004,8411
2024-05-15,2024,5,15,,2873725,197254,156739,804407,119217,157575,34019,156739,195561,49341,22155,8023
2024-05-16,2024,5,16,,2880538,194708,154876,810662,118759,156426,33818,154876,165880,46761,27629,8356
2024-05-17,2024,5,17,,2895990,194814,154399,805023,122879,163166,35548,154399,178963,46985,27066,8675
2024-05-18,2024,5,18,,2727717,188644,146452,738212,126796,173656,35748,146452,175016,45268,22758,7436
2024-05-19,2024,5,19,,2683011,188921,146450,736169,123948,171673,34450,146450,169368,45124,25340,7937
2024-05-20,2024,5,20,5682898.0,2858415,192696,149991,761818,117792,158062,34873,149991,165961,46466,26617,9330
2024-05-21,2024,5,21,,2842690,194148,152851,790914,117626,155748,33459,152851,172660,46538,32219,8942
2024-05-22,2024,5,22,,3090719,205220,161632,869622,124851,164484,36678,0,201212,52452,25905,8727
2024-05-23,2024,5,23,,3243299,217441,168373,905945,128752,170346,36521,0,254475,61220,39919,10168
2024-05-24,2024,5,24,,3171379,208212,162801,865700,128640,171009,36917,0,226816,55621,42912,12895
2024-05-25,2024,5,25,,2878678,192942,149953,769580,130400,178777,37062,0,234863,49312,31055,11169
2024-05-26,2024,5,26,,2883514,193926,149645,760241,128707,176769,35917,0,215650,49355,31166,10759
2024-05-27,2024,5,27,,2859721,195912,150844,772609,118220,157993,34233,0,249632,51917,31339,10727
2024-05-28,2024,5,28,,2941462,198478,154659,805561,117561,155769,34182,0,215344,52385,38468,11075
2024-05-29,2024,5,29,,3059636,198380,155873,847548,122946,162165,34411,0,230128,51953,30203,9815
2024-05-30,2024,5,30,,3527483,204433,159530,893130,127481,167236,36286,0,207649,52970,25268,8919
2024-05-31,2024,5,31,,3426085,203301,158028,881411,131052,173776,37143,0,201042,56089,25441,9316
2024-06-01,2024,6,1,,3018678,196400,152420,804333,137475,187304,39277,0,191251,51822,29376,9864
2024-06-02,2024,6,2,,2943126,197306,150846,773702,130002,177980,37151,0,191988,51060,28439,9305
2024-06-03,2024,6,3,,3047975,198869,154078,822009,122627,162470,34882,0,189599,52289,27440,10263
2024-06-04,2024,6,4,,3057246,198580,154357,835651,123111,162681,35980,0,194550,52117,25039,9692
2024-06-05,2024,6,5,,3029703,195861,154979,854698,121181,159936,34956,0,196593,49347,29722,9901
2024-06-06,2024,6,6,,2975435,193775,154117,840959,121555,160850,35252,0,177661,47782,23799,9245
2024-06-07,2024,6,7,,2931588,190672,152496,836090,124347,164690,36514,0,184310,46925,23138,8502
2024-06-08,2024,6,8,,4340188,223449,194518,1231118,151131,207275,36936,0,2869567,129556,50028,11402
2024-06-09,2024,6,9,,3760653,215889,176611,1032858,142613,194828,37036,0,1355664,92162,49052,11783
2024-06-10,2024,6,10,,3389886,208169,167600,970237,127845,171851,35476,0,723009,70983,30210,10278
2024-06-11,2024,6,11,,3373671,207347,166837,987921,128329,169638,35010,0,642236,72157,29764,10309
2024-06-12,2024,6,12,,3506213,221681,183724,1088630,138477,183887,36454,0,862949,90578,29606,10952
2024-06-13,2024,6,13,,3818411,256553,209974,1162154,156854,215582,37251,0,1085947,133871,35564,12633
2024-06-14,2024,6,14,,3589705,229697,185026,1095160,145796,196591,37231,0,704007,90235,36321,11136
2024-06-15,2024,6,15,,3468459,218975,177988,1015741,147419,205112,35924,0,943772,96456,34373,10914
2024-06-16,2024,6,16,,3813146,218369,174551,1011668,145952,202077,37024,0,1210000,89624,36008,11082
2024-06-17,2024,6,17,,3495046,215861,171361,1006243,133896,180103,34821,0,745664,77938,30785,10930
2024-06-18,2024,6,18,,3351639,210477,168901,996453,131769,173750,35049,0,595885,70930,29322,10395
2024-06-19,2024,6,19,,3244063,207538,166059,965736,131546,175551,34709,0,473024,67055,26820,10445
2024-06-20,2024,6,20,,3145821,203770,163301,913122,127226,168362,34991,0,331458,60733,24311,9822
2024-06-21,2024,6,21,,3196225,199616,161816,916833,131333,174866,36550,0,280864,57461,22698,9837
2024-06-22,2024,6,22,,2958945,192827,152948,843037,130981,178826,34963,0,251569,54731,20293,8698
2024-06-23,2024,6,23,,3027606,195400,152985,837911,128875,177202,35354,0,243942,55278,26088,9982
2024-06-24,2024,6,24,,3070430,196986,156603,860765,121495,161670,34409,0,223995,53489,27138,9851
2024-06-25,2024,6,25,,3086736,196339,158111,886410,123536,164498,34386,0,225010,52888,30464,10095
2024-06-26,2024,6,26,,3089344,196159,157525,879023,123314,163464,34536,0,259475,54290,29476,10406
2024-06-27,2024,6,27,,3044450,196204,156344,882948,122963,162580,34977,0,268040,54980,29177,9462
2024-06-28,2024,6,28,,3298280,198573,159224,922269,126732,167805,36607,0,227060,50848,29821,10775
2024-06-29,2024,6,29,,2905315,189279,148576,808172,127411,173588,35654,0,227491,48191,31608,9106
2024-06-30,2024,6,30,,2930773,192001,150526,812890,126762,173933,34980,0,206958,49388,29844,10064
2024-07-01,2024,7,1,,3263507,195980,155410,849916,121915,162515,35046,0,230949,50011,29905,11107
2024-07-02,2024,7,2,,3141482,194868,153272,844150,119557,157294,33583,0,219736,49582,33684,10683
2024-07-03,2024,7,3,,3092060,191066,152820,849363,119217,156801,34171,0,227768,49156,27850,10595
2024-07-04,2024,7,4,,3055319,190257,152641,852696,122808,160359,35404,0,185354,46703,25098,9962
2024-07-05,2024,7,5,6115164.0,3070001,189255,151659,870917,123004,161844,35469,0,185087,47054,24345,8882
2024-07-06,2024,7,6,,2900970,185819,146607,824757,127722,172591,35652,0,331111,48699,36403,9838
2024-07-07,2024,7,7,,2996007,190314,149586,817548,128786,175474,36423,0,272017,48490,28914,8840
2024-07-08,2024,7,8,,3035615,190654,150652,823945,118364,156449,34763,0,234793,49672,30914,9847
2024-07-09,2024,7,9,,3034532,190975,150809,841495,119346,160446,35946,0,225072,49745,26057,9231
2024-07-10,2024,7,10,,2956835,188895,149775,831908,117927,155269,34190,0,222831,49408,33927,8651
2024-07-11,2024,7,11,,2905110,185797,148048,816643,115065,151057,33936,0,201349,46240,23961,8109
2024-07-12,2024,7,12,,2992835,184895,147885,826084,119661,157204,35117,0,188397,46339,30068,9657
2024-07-13,2024,7,13,,3001524,180839,141608,781745,123075,166475,35384,0,169827,44275,68567,11889
2024-07-14,2024,7,14,,3263065,190186,143457,789098,124634,170106,36014,0,163750,45139,33764,10830
2024-07-15,2024,7,15,,3222762,190771,148129,807739,124029,167040,35788,0,169800,47659,31701,11096
2024-07-16,2024,7,16,,3215397,186760,145771,818248,115234,152198,33297,0,171708,46952,41951,11117
2024-07-17,2024,7,17,,3087992,186078,147229,814663,114216,151136,33650,0,187488,47143,29807,9590
2024-07-18,2024,7,18,,3120485,186458,147124,815570,116237,152624,35450,0,177161,46255,35650,10100
2024-07-19,2024,7,19,,3213472,186298,149013,848333,119828,157400,35549,0,180092,45844,30874,10111
2024-07-20,2024,7,20,,2846457,178728,139218,747269,120326,163004,33970,0,167208,42360,31306,8760
2024-07-21,2024,7,21,,3431267,190676,147584,826822,125505,170589,36045,0,184427,46677,42850,10238
2024-07-22,2024,7,22,,3652443,193154,148507,830478,118124,157009,34885,0,190991,48915,40470,11808
2024-07-23,2024,7,23,,3341064,190791,147034,823390,115115,151614,34678,0,192324,49128,33201,9917
2024-07-24,2024,7,24,,3282211,192146,148160,820084,116089,151743,35184,0,187707,47760,24446,9381
2024-07-25,2024,7,25,,3345028,192414,148018,818446,117417,154274,34572,0,199752,48322,26340,10021
2024-07-26,2024,7,26,,3284734,188916,148759,854211,121731,159387,37350,0,192891,46339,26528,9272
2024-07-27,2024,7,27,,3001349,182778,140354,756727,120192,162882,34921,0,176325,42726,27912,9208
2024-07-28,2024,7,28,,2936715,182426,139508,742679,118289,161035,34430,0,180988,43829,26317,8975
2024-07-29,2024,7,29,,3172511,187311,144844,779164,113289,150300,34763,0,179654,46352,25510,11101
2024-07-30,2024,7,30,,3222816,186804,144916,809263,114028,149877,33938,0,197599,47836,22945,9291
2024-07-31,2024,7,31,,3225966,187942,146767,830439,115639,153723,34070,0,182898,46692,34144,9470
2024-08-01,2024,8,1,,3185494,187611,146616,813802,117339,154805,34966,0,177668,46216,24875,9257
2024-08-02,2024,8,2,,3172079,186545,146293,814413,118921,157692,35596,0,175932,45850,23535,8695
2024-08-03,2024,8,3,,2937471,179312,138019,750124,120169,163034,34836,0,161318,42554,22502,8857
2024-08-04,2024,8,4,,2928988,180310,137863,739095,118107,162205,33407,0,175085,43917,23144,9248
2024-08-05,2024,8,5,,3094551,185799,144757,790731,113061,150266,33885,0,214693,49845,26147,9703
2024-08-06,2024,8,6,,3804764,196461,151208,865087,118397,155493,36117,0,303964,60108,25562,9950
2024-08-07,2024,8,7,,3797066,201503,154837,871661,121784,159669,36722,0,417365,72049,32863,10330
2024-08-08,2024,8,8,,3651581,198679,154329,893478,123364,162191,38547,0,355164,66903,42397,10248
2024-08-09,2024,8,9,,3397192,193607,153482,868639,122675,160448,38101,0,287795,61811,36567,9971
2024-08-10,2024,8,10,,3216812,190756,148407,803857,126535,170758,36387,0,270586,59262,36392,9998
2024-08-11,2024,8,11,,3229668,188631,141788,786512,124838,170548,36364,0,301322,58369,40882,9947
2024-08-12,2024,8,12,,3348665,194726,149295,827748,124903,167368,37218,0,312226,62948,50139,10599
2024-08-13,2024,8,13,,3540516,202513,152633,851352,123978,164162,37259,0,410017,75409,38078,10408
2024-08-14,2024,8,14,,3471982,203677,154909,867387,124248,164961,37389,0,530501,80807,56005,11154
2024-08-15,2024,8,15,,3564246,205059,155632,877451,125570,166579,37642,0,570714,79063,64233,10557
2024-08-16,2024,8,16,,3478027,201192,156544,894767,128335,169873,39756,0,533315,76155,46903,10309
2024-08-17,2024,8,17,,3278064,200166,150561,813499,128121,173205,39090,0,478136,77276,45962,9774
2024-08-18,2024,8,18,,3289343,201441,150256,816955,128937,174928,39379,0,462200,75720,90675,11466
2024-08-19,2024,8,19,,3374162,203510,154598,844212,121380,159688,38657,0,470071,73253,71014,12867
2024-08-20,2024,8,20,,3679328,203959,156212,871708,122293,159202,38452,0,407653,71164,78582,12288
2024-08-21,2024,8,21,,3689219,204797,156328,886344,122844,160682,39226,0,380396,70802,50571,12700
2024-08-22,2024,8,22,6400954.0,3614059,203023,154730,887942,121058,158239,38549,0,333236,66619,45523,10938
2024-08-23,2024,8,23,,3678083,202731,155507,900962,127295,166535,41304,0,311838,65964,39157,11331
2024-08-24,2024,8,24,,3145728,194689,147753,799964,129713,174325,41314,0,340269,64543,40720,11594
2024-08-25,2024,8,25,,3160055,196034,147375,795067,125068,170828,37393,0,344539,65281,51613,11214
2024-08-26,2024,8,26,,3195175,200169,152862,824197,119947,159295,37090,0,355933,65849,54657,11146
2024-08-27,2024,8,27,,3251611,199544,155390,862260,119311,157235,36273,0,321461,64016,38593,10716
2024-08-28,2024,8,28,,3280606,202706,159507,869950,120302,158191,36540,0,297014,63602,40580,9494
2024-08-29,2024,8,29,,5675152,294687,236625,1325481,171597,220824,38862,0,3526081,212461,54953,13496
2024-08-30,2024,8,30,,7882306,444753,353211,1831633,216900,279173,41292,0,8345166,467823,84743,25571
2024-08-31,2024,8,31,,12813735,716838,530945,2957787,288623,371235,24949,0,15070921,800639,126114,38142
2024-09-01,2024,9,1,6624015.0,47919,1952,1374,12230,1024,1404,32,0,43566,1819,626,124
2024-09-02,2024,9,2,,347,29,33,239,11,15,0,0,272,32,1,1
2024-09-03,2024,9,3,7989812.0,2402,348,243,1255,82,109,5,0,2737,262,10,9
2024-09-04,2024,9,4,,2230505,372874,246004,663401,59717,76171,3603,0,1516189,247056,19497,9017
2024-09-05,2024,9,5,,270,30,39,200,14,18,3,0,269,31,0,0
2024-09-06,2024,9,6,,704,107,164,559,43,48,12,0,576,79,3,2
2024-09-07,2024,9,7,,14424141,1086072,713562,3350952,385391,513549,45688,0,5521013,666791,172700,52936
2024-09-08,2024,9,8,,16664705,1158132,785399,4186047,466110,621933,50953,0,5902857,722039,237627,60726
2024-09-09,2024,9,9,9477648.0,17090061,1203887,841708,4406268,453975,590016,49964,0,5575518,768784,223557,61691
2024-09-10,2024,9,10,9591902.0,13751328,1077698,741704,3537378,349492,451266,38010,0,4365558,626035,159374,49065
2024-09-11,2024,9,11,,20685614,1234755,864515,4890803,481438,616805,53963,0,6134915,752790,195524,67132
2024-09-12,2024,9,12,,20787688,1230309,858221,4909958,465676,599868,50913,0,5848738,720057,189486,65967
2024-09-13,2024,9,13,,17286203,1180608,814977,4317921,421784,544746,50768,0,5293173,644622,169868,55960
2024-09-14,2024,9,14,9955584.0,14860845,1095906,717866,3640340,384803,502924,49707,0,4728676,580077,152592,57048
2024-09-15,2024,9,15,,15528737,1089609,727544,3909025,393856,521041,50898,0,4493540,563605,170921,63829
2024-09-16,2024,9,16,,20435867,1240794,815361,4212192,461209,581324,56184,0,4734789,633011,152351,56637
2024-09-17,2024,9,17,,17951963,1185375,827896,4148289,573382,688250,62525,0,4675905,613245,130571,52444
2024-09-18,2024,9,18,10186710.0,17431475,1135562,794563,4216207,472953,583819,52933,0,4039408,550410,143310,51724
2024-09-19,2024,9,19,,16138865,1071230,732753,3968970,417754,525378,70788,0,3805048,486078,145141,54933
2024-09-20,2024,9,20,,16124040,1071381,724097,4008552,418766,535329,71653,0,3639187,477568,143786,50939
2024-09-21,2024,9,21,10281074.0,14671821,1010035,660999,3644383,367884,478022,64031,0,3229914,418890,134701,52983
2024-09-22,2024,9,22,,14762867,1013130,660381,3600739,371599,485597,59760,0,3185586,426805,179849,53215
2024-09-23,2024,9,23,,16101920,1078245,709961,3854701,377021,486935,58213,0,3397130,467779,153213,53405
2024-09-24,2024,9,24,10387869.0,15593532,1092373,710246,3620303,373967,484389,60028,0,3486592,488136,157834,58074
2024-09-25,2024,9,25,,15083791,1058071,698240,3683637,366393,468872,55586,0,3184664,461060,164797,55585
2024-09-26,2024,9,26,,14950772,1041510,698587,3822913,357223,456903,54094,0,2942608,431548,143820,51335
2024-09-27,2024,9,27,,14355666,1016818,675294,3561487,355110,456273,55048,0,2887736,399490,131197,51790
2024-09-28,2024,9,28,,12549204,936703,591365,2958838,330180,432563,52716,0,2460525,362467,130328,49551
2024-09-29,2024,9,29,,13076303,935734,604163,3195894,331988,439957,51546,0,2624998,369274,137690,48520
2024-09-30,2024,9,30,10560341.0,13183344,968922,631808,3212821,338127,439676,50583,0,2474615,373819,128704,47841
2024-10-01,2024,10,1,,13289378,963925,635568,3266140,350788,454345,54473,0,2426912,365294,123920,46697
2024-10-02,2024,10,2,10606064.0,13526503,952986,629388,3290709,337800,435781,51227,0,2315527,351154,123088,47001
2024-10-03,2024,10,3,,13002006,938379,624350,3317868,336920,431127,50791,0,2283263,337660,119921,45798
2024-10-04,2024,10,4,,12416924,906569,600902,3119213,327719,419828,51207,0,2027385,315693,103962,40239
2024-10-05,2024,10,5,,11757153,855600,551398,2801603,310001,407589,49914,0,1909218,289969,131865,43289
2024-10-06,2024,10,6,,12784278,886457,575657,3047256,327713,424844,50588,0,1871627,293167,110294,41668
2024-10-07,2024,10,7,,13038127,921319,581689,2906822,305190,395228,48788,0,2022975,322902,124999,47146
2024-10-08,2024,10,8,,12456333,894177,586346,3047869,336475,428401,51693,0,2096603,324692,117390,43638
2024-10-09,2024,10,9,,10690436,824511,564217,2825322,312625,394022,50595,0,1888471,279983,93482,38067
2024-10-10,2024,10,10,10781631.0,7785168,564497,373247,1951167,256308,329111,51953,0,1869003,208211,82973,31198
2024-10-11,2024,10,11,,7326716,504893,336782,1825599,252801,329221,55266,0,1457344,184933,65976,27552
2024-10-12,2024,10,12,,6544525,453828,290984,1523952,234613,311592,49755,0,1291581,159654,77556,25407
2024-10-13,2024,10,13,,6312203,438726,278897,1440239,223299,299314,48464,0,1253436,154766,97489,27452
2024-10-14,2024,10,14,,6539189,445766,293545,1529868,226500,297799,49177,0,1091294,155023,72017,26104
2024-10-15,2024,10,15,,6499052,433654,288499,1548020,218184,280035,46949,0,1071547,152416,66403,26634
2024-10-16,2024,10,16,,6658682,460364,309954,1620509,232074,304193,48977,0,1507919,195172,77725,30804
2024-10-17,2024,10,17,,21662865,1305323,923971,4373930,1044852,1660843,112646,0,24164599,1560045,414584,88627
2024-10-18,2024,10,18,,27477182,1512110,933619,4650439,1060319,1584403,129352,0,20943340,1691099,457316,90612
2024-10-19,2024,10,19,,24258922,1407730,819742,3992275,898223,1308903,123266,0,13342475,1362690,402973,89243
2024-10-20,2024,10,20,,22107934,1332474,758998,3658714,800539,1143631,122521,0,9696337,1156051,430271,82924
2024-10-21,2024,10,21,,20945588,1287701,738496,3591736,723132,1007029,116114,0,8142292,1022841,344680,78017
2024-10-22,2024,10,22,,19201768,1218129,696959,3340120,651397,892953,107136,0,6516565,908504,280046,69788
2024-10-23,2024,10,23,,3384199,431787,667790,3192828,608189,831660,101228,0,5356453,799071,282481,67693
2024-10-24,2024,10,24,,13306147,990464,635000,3035017,565977,768290,97973,0,4495966,707593,220925,60529
2024-10-25,2024,10,25,,15647175,1055428,610491,2898205,546548,741654,95241,0,3879702,638710,211496,57369
2024-10-26,2024,10,26,,14031670,992504,559331,2525618,505277,692959,89641,0,3263629,583541,186872,46685
2024-10-27,2024,10,27,,13887603,969481,552796,2549072,495719,681302,88508,0,3099990,549769,184391,48260
2024-10-28,2024,10,28,,14229023,976813,558429,2611554,476757,645937,86743,0,3011630,544421,181367,48957
2024-10-29,2024,10,29,,13743578,956087,552786,2582070,462890,626629,88279,0,2822714,514368,134351,47517
2024-10-30,2024,10,30,,12860156,918892,545174,2531142,462872,622695,86564,0,2462534,479321,147141,43878
2024-10-31,2024,10,31,,13183277,930204,574979,2625070,528698,713000,101348,0,2298373,454592,134961,41910
2024-11-01,2024,11,1,,12138714,884891,520152,2402061,450786,610521,90297,0,2166031,420906,121857,39859
2024-11-02,2024,11,2,,11300597,841938,477680,2189768,417881,569994,82027,0,2076010,402851,130660,39263
2024-11-03,2024,11,3,,11718428,844720,479771,2222337,419243,579224,78389,0,2167817,417552,154741,40021
2024-11-04,2024,11,4,13706827.0,12520218,875731,508401,2415048,433953,590762,81654,0,2451421,439362,162351,42100
2024-11-05,2024,11,5,13786549.0,13476410,891567,523772,2542508,438351,584266,89854,0,2553976,448468,153565,41961
2024-11-06,2024,11,6,,17609270,1041950,603379,2978841,456046,605567,85468,0,5171692,669028,247144,61795
2024-11-07,2024,11,7,13869530.0,18335798,1122848,643236,3206122,530962,721875,100454,0,10214430,864085,371136,87200
2024-11-08,2024,11,8,,18251090,1105080,640590,3381259,550431,748728,106965,0,10718993,804063,278365,65349
2024-11-09,2024,11,9,14128354.0,17378465,1090413,619196,3188593,547204,750247,108663,0,10077661,788722,310235,66802
2024-11-10,2024,11,10,14311758.0,18334683,1140844,646479,3382901,579200,791428,116100,0,13416515,859047,355511,76062
2024-11-11,2024,11,11,14488823.0,20505560,1242831,712854,3732252,604747,810951,130207,0,18109843,1012870,322609,76030
2024-11-12,2024,11,12,,24099083,1401588,795664,4267165,657471,873541,146831,0,23064196,1275053,418195,95438
2024-11-13,2024,11,13,14732567.0,30192143,1741535,988536,5226160,805489,1071651,166099,0,30061800,1841425,498920,116269
2024-11-14,2024,11,14,15747324.0,37545300,2297547,1287341,6503617,1059787,1425473,185427,0,40983656,2837864,691368,153191
2024-11-15,2024,11,15,16592959.0,38979332,2452411,1335095,6666708,1088685,1457363,190561,0,43411761,2946893,817450,186021
2024-11-16,2024,11,16,17498373.0,43444405,2607210,1393705,7265108,1211505,1618564,209053,0,46944819,3010023,1223936,235627
2024-11-17,2024,11,17,18382805.0,44571663,2688529,1418681,7441025,1259012,1679585,217114,0,47167632,3008245,1489674,287466
2024-11-18,2024,11,18,19170050.0,45156991,2789693,1475841,7533473,1217907,1592565,215476,0,44271329,3124644,1569325,284274
2024-11-19,2024,11,19,19790280.0,45114367,2783670,1479838,7521186,1206661,1557078,213983,0,40303117,2919933,1496040,281313
2024-11-20,2024,11,20,20610873.0,43461869,2746665,1459183,7315615,1189098,1533966,213926,0,37010303,2770172,1478079,296212
2024-11-21,2024,11,21,21107540.0,43094597,2696226,1428139,7205440,1162071,1493892,207273,0,32020663,2536216,1486048,294882
2024-11-22,2024,11,22,21639135.0,39764731,2602672,1376927,6876622,1143758,1472630,207889,0,30777839,2401238,1224185,275280
2024-11-23,2024,11,23,21978704.0,38275657,2491085,1290122,6515744,1115831,1448820,197045,0,28651703,2154639,1265336,266439
2024-11-24,2024,11,24,22300880.0,38962582,2494375,1274782,6465019,1095109,1422890,195018,0,29889141,2128661,1258755,277392
2024-11-25,2024,11,25,22562448.0,37554743,2459310,1276381,6314072,1038126,1334285,186418,0,24408998,1997503,1205850,272404
2024-11-26,2024,11,26,22780422.0,37544387,2419827,1274998,6440203,1022043,1306405,189161,0,22758668,1877970,1185416,271218
2024-11-27,2024,11,27,23051606.0,36389409,2399860,1267326,6377474,1036188,1323848,201136,0,22301521,1889994,1243698,265534
2024-11-28,2024,11,28,23270417.0,34291290,2312913,1230975,5974952,1017307,1297362,190955,0,18851169,1700875,1035422,253906
2024-11-29,2024,11,29,23447365.0,32715549,2208516,1143415,5541110,954823,1231702,178489,0,18462742,1553182,1157630,261764
2024-11-30,2024,11,30,23616959.0,32921773,2179663,1123145,5567446,977325,1279445,183453,0,18599454,1552166,1127593,265859
2024-12-01,2024,12,1,23769810.0,33801116,2204210,1145877,5679398,998763,1303438,189844,0,18779884,1561996,1332067,287334
2024-12-02,2024,12,2,23925872.0,35478061,2273354,1181381,5792049,951721,1226316,183798,0,17749479,1605227,1412613,289614
2024-12-03,2024,12,3,24075278.0,34928336,2240021,1183787,5900497,953140,1220117,183818,0,17834248,1584199,1225062,268065
2024-12-04,2024,12,4,24214443.0,34870869,2211035,1214837,6119920,1063533,1396825,214106,0,19567391,1516911,1372857,263586
2024-12-05,2024,12,5,24331266.0,34523031,2172609,1168200,5860512,953710,1224378,184456,0,15864526,1443297,1170873,251486
2024-12-06,2024,12,6,24437820.0,32995457,2095780,1125571,5619330,931423,1185348,179763,0,15569229,1358480,1428780,242856
2024-12-07,2024,12,7,24544944.0,30498557,1990120,1036434,5091332,880708,1136846,170367,0,14597077,1263819,1511363,221904
2024-12-08,2024,12,8,24641271.0,31422533,1970158,1019820,5119321,869510,1129311,169070,0,15703112,1215737,1217991,215151
2024-12-09,2024,12,9,24740143.0,31003530,1991697,1052538,5191346,848851,1089135,164036,0,13825007,1205668,1282541,211687
2024-12-10,2024,12,10,24826624.0,30506935,1989287,1055930,5218464,855856,1089171,167475,0,12098292,1168421,948449,191916
2024-12-11,2024,12,11,24911215.0,30202941,1973505,1055929,5270764,845792,1074933,167531,0,12721256,1158864,939859,190974
2024-12-12,2024,12,12,24988923.0,29638253,1923524,1036816,5213217,837136,1063125,163585,0,12248980,1097384,984620,178687
2024-12-13,2024,12,13,25062379.0,29242049,1897051,1028469,5236701,830505,1055356,160625,0,12213885,1042322,773122,176238
2024-12-14,2024,12,14,25135789.0,27686768,1815709,939082,4614482,795150,1025028,154128,0,11460194,978505,803134,172246
2024-12-15,2024,12,15,25207659.0,26893135,1796625,921229,4656533,901783,1133790,268564,0,13399865,985805,713211,170454
2024-12-16,2024,12,16,25279108.0,27231798,1834613,972691,4785966,778685,994573,153820,0,13150009,1003987,723535,176085
2024-12-17,2024,12,17,25345641.0,28018181,1849053,986569,4941742,792502,1010739,154838,0,12722540,1004015,700611,188256
2024-12-18,2024,12,18,25409886.0,27474958,1820771,978700,4999268,869050,1088706,228766,0,12324821,979319,707340,182004
2024-12-19,2024,12,19,25472286.0,27966070,1804965,974642,4954375,796908,1011846,157408,0,12341667,965109,681499,178370
2024-12-20,2024,12,20,25535256.0,28184142,1769993,956564,4879739,795167,1007491,155555,0,11387637,923422,685305,179707
2024-12-21,2024,12,21,25593388.0,25747445,1716283,888453,4458639,768473,980943,149027,0,12031529,894490,611370,170070
2024-12-22,2024,12,22,25649230.0,25363720,1674197,867785,4416832,744970,958284,144714,0,14048593,867671,874050,179670
2024-12-23,2024,12,23,25702534.0,25498170,1676526,882348,4406792,730766,928250,145493,0,11969467,817115,625898,164768
2024-12-24,2024,12,24,25749975.0,25200581,1663411,905989,4438016,798626,1009717,162038,0,10985873,777196,582145,157119
2024-12-25,2024,12,25,25794625.0,24039988,1641425,874695,3982953,763527,968300,155613,0,8763613,682134,502554,143571
2024-12-26,2024,12,26,25840422.0,23723855,1600993,802874,3911427,660231,846304,132618,0,11276822,740995,609675,164956
2024-12-27,2024,12,27,25859176.0,24566549,1586278,822785,4404913,903489,1095055,349713,0,11661943,772300,626212,168488
2024-12-28,2024,12,28,25878844.0,24596879,1575740,812524,4737815,1231890,1431557,666451,0,12127874,787650,664697,173502
2024-12-29,2024,12,29,25897781.0,25409082,1629455,827023,4281838,713222,916664,139142,0,14040930,796770,744050,175074
2024-12-30,2024,12,30,25916986.0,25602350,1620691,851386,4340090,721360,929600,144420,0,12370319,795781,780180,188949
2024-12-31,2024,12,31,25935249.0,25398667,1640610,946316,4788642,857730,1114892,169612,0,10894309,751221,607703,157737
2025-01-01,2025,1,1,25954844.0,25714500,1681032,937549,4450354,804313,1030671,161368,0,10615877,757417,558591,149884
2025-01-02,2025,1,2,26209874.0,24537061,1629856,847221,4199316,700073,897209,141309,0,15421388,820012,817858,180467
2025-01-03,2025,1,3,26266113.0,25070252,1604162,861973,4423748,721012,921321,147020,0,14389699,812949,918040,203352
2025-01-04,2025,1,4,26325655.0,24443594,1599291,826673,4214602,702500,900840,143845,0,21452274,833065,925578,210634
2025-01-05,2025,1,5,26389418.0,25243614,1615870,840998,4369451,718899,924608,145029,0,16839418,839384,1058922,228725
2025-01-06,2025,1,6,26457929.0,26941194,1669673,891282,4599561,735832,933063,149490,0,22082976,878097,1329650,262140
2025-01-07,2025,1,7,26550102.0,27260836,1716314,926162,4803729,725569,919892,143714,0,21619636,964259,1453696,277155
2025-01-08,2025,1,8,26679779.0,28677809,1776705,951768,4916588,744133,942111,146509,0,15202820,1095601,858146,226554
2025-01-09,2025,1,9,26795222.0,28326307,1763446,939756,4791931,732700,926534,143464,0,12901992,1099445,714317,202177
2025-01-10,2025,1,10,26905429.0,28320127,1767292,950038,4872055,765593,970262,152453,0,14927733,1041919,813289,246194
2025-01-11,2025,1,11,27038215.0,26898595,1737671,889811,4463196,742384,959524,147614,0,14231464,1067355,675603,209915
2025-01-12,2025,1,12,27177058.0,26266840,1730813,883266,4363791,731954,950651,142556,0,15799746,1072013,723198,201312
2025-01-13,2025,1,13,27327830.0,27088637,1801207,946411,4618214,754234,965498,147268,0,17354481,1164761,906775,252928
2025-01-14,2025,1,14,27453684.0,28606082,1817729,966219,4844976,750652,968463,155684,0,17476055,1114970,817993,238689
2025-01-15,2025,1,15,27569164.0,27710280,1799686,957939,4763412,739751,944393,143729,0,14374953,1066921,701329,209970
2025-01-16,2025,1,16,27688214.0,27921696,1776686,968149,4844943,761367,963410,148166,0,11100157,1029633,669061,180046
2025-01-17,2025,1,17,27805606.0,27095374,1762036,950386,4693369,756392,959753,146980,0,11581748,1017905,686195,187741
2025-01-18,2025,1,18,27934788.0,25082900,1683778,889176,4365571,743193,957421,144240,0,16525225,1028504,643390,176801
2025-01-19,2025,1,19,28169284.0,32138200,1994352,1032389,5236130,881379,1127088,161199,0,17388367,1343561,789077,199484
2025-01-20,2025,1,20,28368632.0,35936781,2059805,1086098,5439676,913895,1144324,172267,0,18063673,1342079,907701,254496
2025-01-21,2025,1,21,28642509.0,39333641,2221746,1150144,5780043,935098,1175530,171793,0,18939100,1664675,1030529,282783
2025-01-22,2025,1,22,28912774.0,36489683,2224401,1146579,5668844,895024,1133753,161991,0,18087848,1757246,762490,230954
2025-01-23,2025,1,23,29144843.0,35934500,2187936,1132183,5691788,889229,1125060,165275,0,14965916,1637533,667061,202281
2025-01-24,2025,1,24,29323729.0,34504643,2116228,1106264,5606737,883211,1116410,168298,0,13091479,1468496,586833,174625
2025-01-25,2025,1,25,29498746.0,33659694,2065407,1043871,5277298,870052,1115108,167118,0,12689411,1417876,586072,166955
2025-01-26,2025,1,26,29659271.0,33303235,2061156,1030321,5236233,864812,1113229,163678,0,13557074,1388682,679232,178705
2025-01-27,2025,1,27,29798796.0,33571461,2070971,1070398,5361578,862579,1097219,165519,0,11492579,1314481,615371,174053
2025-01-28,2025,1,28,29944463.0,34828377,2074081,1087630,5585303,854304,1078545,165757,0,10165255,1323853,1529289,161560
2025-01-29,2025,1,29,30119848.0,35861567,2113319,1091153,5512631,856033,1080514,167555,0,10591011,1319688,522678,152840
2025-01-30,2025,1,30,30246652.0,36086505,2072258,1070212,5474922,848989,1072790,166593,0,10709174,1186258,531706,166848
2025-01-31,2025,1,31,30396375.0,35237218,2034636,1060541,5447663,848594,1076783,168285,0,9591716,1130176,478335,144268
2025-02-01,2025,2,1,30485875.0,34778055,1978417,1012690,5227185,850455,1091750,172072,0,9937901,1078985,502070,145774
2025-02-02,2025,2,2,30603302.0,38081890,2051409,1031902,5492072,869080,1114167,168952,0,10737075,1198068,519476,150386
2025-02-03,2025,2,3,30722341.0,39366626,2090515,1069002,5652068,863458,1089217,167815,0,10214097,1222202,551425,155496
2025-02-04,2025,2,4,30817512.0,35755720,2029073,1049991,5433429,842937,1056239,169891,0,9096271,1137999,495207,146911
2025-02-05,2025,2,5,30906980.0,37016949,2026710,1069525,5717821,840536,1060079,163455,0,8765131,1109652,606400,153701
2025-02-06,2025,2,6,30992652.0,34039119,1985079,1034973,5392016,813550,1024927,161667,0,8615263,1069472,517678,145827
2025-02-07,2025,2,7,31098923.0,32676158,1930223,1018691,5303833,828701,1044402,165054,0,8975519,1007668,599069,137232
2025-02-08,2025,2,8,31176529.0,30699072,1851083,943980,4835040,798066,1017009,160054,0,9465034,953227,572065,134949
2025-02-09,2025,2,9,31248655.0,30782900,1853555,935030,4809029,797120,1023767,160644,0,10212433,926416,585352,146444
2025-02-10,2025,2,10,31321169.0,36283038,1978262,1006189,5192092,783190,991068,154789,0,8149246,1069090,591917,141203
2025-02-11,2025,2,11,31393752.0,32122723,1899707,999859,5164056,808908,1021685,160966,0,8489037,1028946,595043,130817
2025-02-12,2025,2,12,31463506.0,31963324,1880808,1007469,5281628,817934,1028269,164342,0,7954541,950512,569224,134083
2025-02-13,2025,2,13,31524818.0,32013849,1877442,1007170,5322138,820349,1037521,170282,0,7830165,914485,454624,136652
2025-02-14,2025,2,14,31580334.0,32689465,1893320,1035239,5287882,916414,1168041,195535,0,7002995,878456,402865,128820
2025-02-15,2025,2,15,31638376.0,30510783,1810978,918775,4698197,793755,1020922,167188,0,7458564,852801,555334,132565
2025-02-16,2025,2,16,31709227.0,30571305,1799284,897548,4658699,779329,1005127,160042,0,8576409,857707,437870,130384
2025-02-17,2025,2,17,31767691.0,30622034,1809160,937437,4821259,783255,1003659,163517,0,7697606,858484,419508,128791
2025-02-18,2025,2,18,31826272.0,31503793,1830837,951757,4986636,774375,984973,159930,0,7261477,869401,422773,140221
2025-02-19,2025,2,19,31881801.0,32757088,1848315,976488,5185113,782582,987329,158254,0,7266798,875418,375206,122156
2025-02-20,2025,2,20,31942705.0,32284198,1856824,970831,5126563,781086,983555,159001,0,7452999,904378,373456,119974
2025-02-21,2025,2,21,31999817.0,32397360,1837891,972563,5173068,796042,1003196,165679,0,7177873,870086,408238,117904
2025-02-22,2025,2,22,32056096.0,30678614,1767853,898498,4688225,770519,992703,158662,0,7357533,805688,372376,113233
2025-02-23,2025,2,23,32124054.0,31631342,1798552,887776,4640416,766802,986672,156129,0,8059534,874685,388847,118545
2025-02-24,2025,2,24,32192703.0,32116373,1847659,949276,4861622,775928,990269,155610,0,8063234,897351,402881,127092
2025-02-25,2025,2,25,32256322.0,31788232,1835369,955754,4975998,764123,965718,157293,0,7958298,876604,391079,124170
2025-02-26,2025,2,26,32320580.0,30663514,1793339,953633,4992355,757190,955998,156621,0,7583002,842424,351761,107003
2025-02-27,2025,2,27,32373809.0,30155351,1769027,949985,5007686,767408,972678,161078,0,7180129,803566,349087,106436
2025-02-28,2025,2,28,32432425.0,37358826,1902161,1032002,5542527,855484,1075134,174768,0,7239466,836125,344718,112692
2025-03-01,2025,3,1,32492995.0,38230701,1896720,959631,5013404,835836,1059404,167396,0,7119622,816150,371965,109965
2025-03-02,2025,3,2,32553350.0,33178217,1790659,885015,4659734,793112,1013648,177312,0,7960943,816574,390083,117089
2025-03-03,2025,3,3,32608535.0,32785731,1786691,923908,4919903,765438,968654,162943,0,7020976,777818,368449,112419
2025-03-04,2025,3,4,32661773.0,34038570,1812819,955345,5204752,790066,994235,166446,0,6766095,785917,370693,112539
2025-03-05,2025,3,5,32718101.0,36007117,1852811,963505,5212424,776312,979079,163631,0,6813834,828618,376060,108861
2025-03-06,2025,3,6,32766004.0,31450296,1770696,940281,5087893,762688,963587,158571,0,6127190,798505,366730,102786
2025-03-07,2025,3,7,32810149.0,30310627,1726060,930133,5003537,777248,980088,171218,0,6048146,733113,324025,98081
2025-03-08,2025,3,8,32851121.0,28259636,1669205,859083,4425681,766334,991038,171681,0,6450179,677205,344757,98777
2025-03-09,2025,3,9,32893046.0,28301075,1645639,827087,4360077,770425,987486,200751,0,7380274,672470,369098,98596
2025-03-10,2025,3,10,32956818.0,31852166,1855396,1000787,5145803,796546,1017608,165316,0,7646584,840217,407814,113106
2025-03-11,2025,3,11,33020714.0,32587176,1824565,972334,5229826,789479,999153,162166,0,6800609,830691,371719,105067
2025-03-12,2025,3,12,33076246.0,31030763,1757545,936732,4998156,753247,951276,158736,0,6259058,783409,327032,97944
2025-03-13,2025,3,13,33123037.0,30521883,1731342,929446,5034101,762020,959992,171735,0,6128349,731231,304552,94884
2025-03-14,2025,3,14,33124293.0,31930738,1723670,934512,5090654,780151,989373,169703,0,5711192,722123,311737,92652
2025-03-15,2025,3,15,,27581973,1620083,824589,4335388,714165,917885,160451,0,5874005,667577,318266,94558
2025-03-16,2025,3,16,,27324081,1615998,816099,4303252,689602,887072,150468,0,6709386,707438,350142,98539
2025-03-17,2025,3,17,,28763423,1656709,885539,4690431,732221,930535,160423,0,5675744,711511,365902,103743
2025-03-18,2025,3,18,,29110522,1677250,892218,4767908,725189,918002,155110,0,6185991,726310,341625,104204
2025-03-19,2025,3,19,,28545682,1652150,885725,4732835,732192,930417,157578,0,5739167,691565,315929,96363
2025-03-20,2025,3,20,,28821472,1658276,894289,4777383,737139,936709,158099,0,5305585,686250,342676,101620
2025-03-21,2025,3,21,,28691338,1637385,876750,4685837,713945,911803,153380,0,5616993,672991,357968,101520
2025-03-22,2025,3,22,,27820818,1600062,815839,4319989,708203,918712,153885,0,5731013,650408,320183,95547
2025-03-23,2025,3,23,,26980576,1594112,797377,4215613,693400,898225,153532,0,6552365,754141,394096,105890
2025-03-24,2025,3,24,,28889202,1637955,859109,4578721,714896,910489,154536,0,5540603,778019,333933,101058
2025-03-25,2025,3,25,33613033.0,31275343,1659504,876414,4798096,723567,912813,151264,0,5438389,706582,355219,99367
2025-03-26,2025,3,26,33649710.0,31231283,1649990,886386,4876872,731975,925183,154687,0,4983279,690077,348213,97489
2025-03-27,2025,3,27,33685085.0,30142901,1648001,888948,4892593,733669,931379,158000,0,5185694,671689,361175,101445
2025-03-28,2025,3,28,33714663.0,29226161,1625931,874743,4794412,734242,933730,159473,0,5302687,642451,337002,98401
2025-03-29,2025,3,29,33746515.0,27038886,1554818,799098,4241335,704233,909260,158561,0,5097016,608948,351238,92347
2025-03-30,2025,3,30,33783223.0,26987624,1568810,796750,4185777,701155,913416,154929,0,5449843,617078,363467,94903
2025-03-31,2025,3,31,33818533.0,27661591,1613352,861309,5094238,721383,927030,166433,0,4898290,697434,379527,95648
2025-04-01,2025,4,1,33857096.0,30956714,1685678,908846,4806011,748281,950659,165338,0,4945939,742055,368116,100455
2025-04-02,2025,4,2,33904196.0,34578792,1757912,927748,5183891,769250,967830,169752,0,5277615,750958,343817,97013
2025-04-03,2025,4,3,33995137.0,34035153,1736408,914264,5050624,776790,970960,167218,0,8992107,755961,398858,99123
2025-04-04,2025,4,4,34177832.0,33117298,1742330,934826,5099486,811894,1016187,168645,0,18725518,860143,533634,123005
2025-04-05,2025,4,5,34320771.0,33000093,1712882,864688,4506716,816035,1081392,176247,0,18044308,825427,451307,113686
2025-04-06,2025,4,6,34452077.0,33270600,1715102,848622,4487135,778121,1022568,164340,0,18376213,829905,482738,115387
2025-04-07,2025,4,7,34502122.0,32248330,1705822,888172,4752349,758042,955520,161324,0,12424406,827081,480769,119464
